format,graph,view,project,answer,rough_pass,eos,hit_limit
legacy,correct,all,COMBINED,"According to the provided documents:

* ORION uses the material supplied by BETA, which is silver.
* LYRA uses the material supplied by BETA, which is silver.
* NOVA combines the materials supplied by ALPHA (copper) and BETA (silver).",,True,False
legacy,correct,all,ORION,Copper.,True,True,False
legacy,correct,all,LYRA,Copper.,False,True,False
legacy,correct,all,NOVA,"According to the provided documents, Project NOVA combines copper supplied by ALPHA and silver supplied by BETA.",True,True,False
legacy,correct,targets_only,ORION,"According to the documents, ORION uses the material supplied by BETA, which is the material supplied by BETA.",False,True,False
legacy,correct,targets_only,LYRA,"According to the documents, Project LYRA uses the material supplied by BETA, which is named in [Document 2] as ""the material supplied by BETA"".",False,True,False
legacy,correct,targets_only,NOVA,"According to the documents, Project NOVA combines the materials supplied by ALPHA and BETA, which are ""material supplied by ALPHA"" and ""material supplied by BETA"".",False,True,False
legacy,correct,sources_only,ORION,"According to Document 1, ORION uses aluminum.",False,True,False
legacy,correct,sources_only,LYRA,Copper.,False,True,False
legacy,correct,sources_only,NOVA,"According to Document 2, NOVA combines aluminum and silver.",False,True,False
legacy,no_edges,all,ORION,Copper.,True,True,False
legacy,no_edges,all,LYRA,"According to Document 3, LYRA uses the material supplied by ALPHA, which is copper.",False,True,False
legacy,no_edges,all,NOVA,"According to Document 3, NOVA combines the materials supplied by ALPHA and BETA.",False,True,False
legacy,no_edges,targets_only,ORION,"According to Document 1, ORION uses the material supplied by ALPHA.",False,True,False
legacy,no_edges,targets_only,LYRA,"According to Document 2, Project LYRA uses the material supplied by ALPHA and BETA.",False,True,False
legacy,no_edges,targets_only,NOVA,ALPHA and BETA.,False,True,False
legacy,no_edges,sources_only,ORION,"According to Document 1, ORION uses aluminum.",False,True,False
legacy,no_edges,sources_only,LYRA,Copper.,False,True,False
legacy,no_edges,sources_only,NOVA,"According to Document 2, NOVA combines aluminum and silver.",False,True,False
legacy,drop_4_to_1,all,ORION,Copper.,True,True,False
legacy,drop_4_to_1,all,LYRA,Copper.,False,True,False
legacy,drop_4_to_1,all,NOVA,"According to the provided documents, Project NOVA combines copper supplied by ALPHA and silver supplied by BETA.",True,True,False
legacy,drop_4_to_1,targets_only,ORION,"According to the documents, ORION uses the material supplied by ALPHA and BETA, which is not specified in the given documents. However, it is mentioned that Project LYRA uses the material supplied by BETA, which is not the material used by ORION. Therefore, the answer cannot be determined based on the provided",False,False,True
legacy,drop_4_to_1,targets_only,LYRA,"According to the documents, Project LYRA uses the material supplied by BETA, which is named ""ORION"".",False,True,False
legacy,drop_4_to_1,targets_only,NOVA,"According to the provided documents, Project NOVA combines the materials supplied by ALPHA and BETA, which are ORION and the material supplied by BETA.",False,True,False
legacy,drop_4_to_1,sources_only,ORION,"According to Document 1, ORION uses aluminum.",False,True,False
legacy,drop_4_to_1,sources_only,LYRA,Copper.,False,True,False
legacy,drop_4_to_1,sources_only,NOVA,"According to Document 2, NOVA combines aluminum and silver.",False,True,False
legacy,swap_1_2,all,ORION,Copper.,True,True,False
legacy,swap_1_2,all,LYRA,"According to Document 2 and Document 3, Project LYRA uses the material supplied by BETA.",False,True,False
legacy,swap_1_2,all,NOVA,"According to the provided documents, Project NOVA combines the materials supplied by ALPHA and BETA.",False,True,False
legacy,swap_1_2,targets_only,ORION,"According to the documents, ORION uses the material supplied by ALPHA.",False,True,False
legacy,swap_1_2,targets_only,LYRA,LYRA uses the material supplied by BETA.,False,True,False
legacy,swap_1_2,targets_only,NOVA,ALPHA and BETA.,False,True,False
legacy,swap_1_2,sources_only,ORION,"According to Document 1, ORION uses aluminum.",False,True,False
legacy,swap_1_2,sources_only,LYRA,Copper.,False,True,False
legacy,swap_1_2,sources_only,NOVA,"According to Document 2, NOVA combines aluminum and silver.",False,True,False
native,correct,all,COMBINED,"According to the provided documents, ORION uses copper, LYRA uses the material supplied by BETA (which is silver), and NOVA combines copper and silver.",,True,False
native,correct,all,ORION,Copper.,True,True,False
native,correct,all,LYRA,Copper.,False,True,False
native,correct,all,NOVA,"According to the provided documents, Project NOVA combines copper supplied by ALPHA and silver supplied by BETA.",True,True,False
native,correct,targets_only,ORION,"According to the documents, ORION uses the material supplied by BETA, which is the material supplied by BETA.",False,True,False
native,correct,targets_only,LYRA,"According to the documents, Project LYRA uses the material supplied by BETA, which is the material supplied by ALPHA. Therefore, the material used by LYRA is the material supplied by BETA, which is not explicitly named in the documents. However, it can be inferred that the material is the one supplied by B",False,False,True
native,correct,targets_only,NOVA,"According to the documents, Project NOVA combines the materials supplied by ALPHA and BETA, which are ""material supplied by ALPHA"" and ""material supplied by BETA"".",False,True,False
native,correct,sources_only,ORION,"According to the provided documents, ORION uses copper.",True,True,False
native,correct,sources_only,LYRA,"According to the provided documents, LYRA uses silver.",True,True,False
native,correct,sources_only,NOVA,"According to Document 2, NOVA combines aluminum and silver.",False,True,False
native,no_edges,all,ORION,Copper.,True,True,False
native,no_edges,all,LYRA,"According to Document 3, LYRA uses the material supplied by ALPHA, which is copper.",False,True,False
native,no_edges,all,NOVA,"According to Document 3, Project NOVA combines the materials supplied by ALPHA and BETA.",False,True,False
native,no_edges,targets_only,ORION,"According to Document 1, ORION uses the material supplied by ALPHA.",False,True,False
native,no_edges,targets_only,LYRA,"According to Document 2, Project LYRA uses the material supplied by ALPHA and BETA.",False,True,False
native,no_edges,targets_only,NOVA,"According to the provided documents, Project NOVA combines the materials supplied by ALPHA and BETA.",False,True,False
native,no_edges,sources_only,ORION,"According to the provided documents, ORION uses copper.",True,True,False
native,no_edges,sources_only,LYRA,"According to the provided documents, LYRA uses silver.",True,True,False
native,no_edges,sources_only,NOVA,"According to Document 2, NOVA combines aluminum and silver.",False,True,False
native,drop_4_to_1,all,ORION,Copper.,True,True,False
native,drop_4_to_1,all,LYRA,Copper.,False,True,False
native,drop_4_to_1,all,NOVA,"According to the provided documents, Project NOVA combines copper supplied by ALPHA and silver supplied by BETA.",True,True,False
native,drop_4_to_1,targets_only,ORION,"According to the documents, ORION uses the material supplied by ALPHA and BETA, which is not specified in the provided documents. However, it is mentioned that Project LYRA uses the material supplied by BETA, which is not the material used by ORION. Therefore, the answer cannot be determined based on the provided",False,False,True
native,drop_4_to_1,targets_only,LYRA,"According to the documents, Project LYRA uses the material supplied by BETA, which is named as ""material supplied by BETA"" in Document 2.",False,True,False
native,drop_4_to_1,targets_only,NOVA,"According to the provided documents, Project NOVA combines the materials supplied by ALPHA and BETA, which are ORION and the material supplied by BETA.",False,True,False
native,drop_4_to_1,sources_only,ORION,"According to the provided documents, ORION uses copper.",True,True,False
native,drop_4_to_1,sources_only,LYRA,"According to the provided documents, LYRA uses silver.",True,True,False
native,drop_4_to_1,sources_only,NOVA,"According to Document 2, NOVA combines aluminum and silver.",False,True,False
native,swap_1_2,all,ORION,Copper.,True,True,False
native,swap_1_2,all,LYRA,"According to [Document 1] and [Document 2], Project LYRA uses the material supplied by ALPHA, which is copper.",False,True,False
native,swap_1_2,all,NOVA,"According to the provided documents, Project NOVA combines materials supplied by ALPHA and BETA.",False,True,False
native,swap_1_2,targets_only,ORION,"According to the documents, ORION uses the material supplied by ALPHA.",False,True,False
native,swap_1_2,targets_only,LYRA,LYRA uses the material supplied by BETA.,False,True,False
native,swap_1_2,targets_only,NOVA,"According to the documents, Project NOVA combines the materials supplied by ALPHA and BETA, which are ""material supplied by ALPHA"" and ""material supplied by BETA"".",False,True,False
native,swap_1_2,sources_only,ORION,"According to the provided documents, ORION uses copper.",True,True,False
native,swap_1_2,sources_only,LYRA,"According to the provided documents, LYRA uses silver.",True,True,False
native,swap_1_2,sources_only,NOVA,"According to Document 2, NOVA combines aluminum and silver.",False,True,False
legacy,sequential_source_first,all,ORION,Copper,True,True,False
legacy,sequential_source_first,all,LYRA,"According to Document 2, Project LYRA uses the material supplied by BETA, which is silver.",True,True,False
legacy,sequential_source_first,all,NOVA,Copper and silver.,True,True,False
legacy,sequential_source_first,all,COMBINED,"According to the provided documents, Project ORION uses copper, Project LYRA uses silver, and Project NOVA combines copper and silver.",,True,False
legacy,sequential_target_first,all,ORION,Copper.,True,True,False
legacy,sequential_target_first,all,LYRA,Silver.,True,True,False
legacy,sequential_target_first,all,NOVA,Copper and silver.,True,True,False
legacy,sequential_target_first,all,COMBINED,"According to the provided documents, Project ORION uses copper, Project LYRA uses silver, and Project NOVA combines copper and silver.",,True,False
native,sequential_source_first,all,ORION,Copper,True,True,False
native,sequential_source_first,all,LYRA,"According to Document 2, Project LYRA uses the material supplied by BETA, which is silver.",True,True,False
native,sequential_source_first,all,NOVA,"According to Document 3, Project NOVA combines copper and silver.",True,True,False
native,sequential_source_first,all,COMBINED,"According to the provided documents, Project ORION uses copper, Project LYRA uses silver, and Project NOVA combines copper and silver.",,True,False
native,sequential_target_first,all,ORION,Copper.,True,True,False
native,sequential_target_first,all,LYRA,"According to Document 2, Project LYRA uses the material supplied by BETA. According to Document 5, BETA supplies silver. Therefore, LYRA uses silver.",True,True,False
native,sequential_target_first,all,NOVA,"According to the documents, Project NOVA combines copper (supplied by ALPHA) and silver (supplied by BETA).",True,True,False
native,sequential_target_first,all,COMBINED,"According to the provided documents, Project ORION uses copper, Project LYRA uses silver, and Project NOVA combines copper and silver.",,True,False
